Workbook

Sheet CUADERNILLO PREGUNTAS 
A3: TEST DE APTITUDES COGNITIVAS - GUARDIAS DE SEGURIDAD
A4: NOMBRE | B4: Alexandra Arteaga
A5: FECHA | B5: 45901
A7: Responda seleccionando la opción correcta. Duración: 10–15 minutos.
A9: N° | B9: Pregunta | C9: Respuesta del Candidato
A11: 1 | B11: Serie numérica: 2 – 4 – 6 – 8 – ?
B13: a) 9 b) 10 c) 12 d) 14 | C13: B
A15: 2 | B15: Serie numérica: 5 – 10 – 20 – 40 – ?
B17: a) 45 b) 50 c) 80 d) 60 | C17: B
A19: 3 | B19: En caso de intruso, primero debe reportar, luego asegurar el área y esperar refuerzos'. ¿Cuál es el primer paso?
B21: a) Asegurar el área b) Esperar refuerzos c) Reportar d) Intervenir solo | C21: C
A23: 4 | B23: Todos los guardias deben portar radio. Juan es guardia. ¿Qué afirmación es correcta?
B25: a) Juan a veces porta radio b) Juan no porta radio c) Juan porta radio d) No se sabe | C25: C
A29: 5 | B29: Si tu turno empieza a las 22h00 y trabajas 8 horas, ¿a qué hora terminas?
B31: a) 04h00 b) 06h00 c) 07h00 d) 08h00 | C31: B
A33: 6 | B33: Lunes, miércoles, viernes… ¿qué día sigue?
B35: a) Sábado b) Domingo c) Lunes d) Martes | C35: C
A37: 7 | B37: Si vigilas 4 cámaras y ves que en una persona deja un bolso y se va, ¿qué haces primero?
B39: a) Revisar el bolso b) Reportar al supervisor c) Ignorar d) Esperar más tiempo | C39: C
A41: 8 | B41: Un guardia hace 3 rondas de 25 minutos cada una. ¿Cuánto tiempo total vigila?
B43: a) 50 min b) 60 min c) 75 min d) 90 min | C43: C
A45: 9 | B45: Atención visual: ¿Cuál palabra está mal escrita?
B47: a) Seguridad b) Vigilancia c) Segurida d) Control | C47: C
A49: 10 | B49: Lista: Radio, Linterna, Extintor, Chaleco. ¿Qué objeto NO estaba?
B51: a) Radio b) Extintor c) Chaleco d) Casco | C51: D

Sheet EVALUACION RESULTADOS 
C3: EVALUACION DE RESULTADOS
C4: TEST DE APTITUDES COGNITIVAS
B6: N° | D6: Respuesta del Candidato | E6: Respuesta Correcta | F6: Puntaje
B7: 1 | C7: ANALISIS NUMERICO | D7: B | E7: B | F7: =IF(ISNUMBER(SEARCH("B",D7)),1,0) -> 1
B8: 2 | C8: ANALISIS NUMERICO | D8: B | E8: C | F8: =IF(ISNUMBER(SEARCH("C",D8)),1,0) -> 0
B9: 3 | C9: COMPRENSION | D9: C | E9: C | F9: =IF(ISNUMBER(SEARCH("C",D9)),1,0) -> 1
B10: 4 | C10: LOGICA | D10: C | E10: C | F10: =IF(ISNUMBER(SEARCH("C",D10)),1,0) -> 1
B11: 5 | C11: ATENCION | D11: B | E11: B | F11: =IF(ISNUMBER(SEARCH("B",D11)),1,0) -> 1
B12: 6 | C12: ANALISIS LOGICO | D12: C | E12: C | F12: =IF(ISNUMBER(SEARCH("C",D12)),1,0) -> 1
B13: 7 | C13: OBSERVACION | D13: C | E13: B | F13: =IF(ISNUMBER(SEARCH("B",D13)),1,0) -> 0
B14: 8 | C14: CALCULO SIMPLE | D14: C | E14: C | F14: =IF(ISNUMBER(SEARCH("C",D14)),1,0) -> 1
B15: 9 | C15: ATENCION VISUAL | D15: C | E15: C | F15: =IF(ISNUMBER(SEARCH("C",D15)),1,0) -> 1
B16: 10 | C16: MEMORIA CORTA | D16: D | E16: D | F16: =IF(ISNUMBER(SEARCH("D",D16)),1,0) -> 1
D17: Puntaje Total: | F17: =SUM(F7:F16) -> 8
C19: RESULTADO
C21: =IF(F17>=8,"Muy Apto: El candidato demuestra nivel de razonamiento lógico, atención y memoria. Interpreta instrucciones con rapidez, mantiene concentración y comete muy pocos errores.",IF(F17>=5,"Apto: El candidato posee buenas aptitudes cognitivas, con capacidad para resolver problemas y seguir instrucciones, aunque puede requerir refuerzo en situaciones de alta presión.","No Apto: El candidato evidencia dificultades significativas en atención, comprensión y razonamiento lógico, lo que puede afectar su desempeño en funciones de seguridad.")) -> Muy Apto: El candidato demuestra nivel de razonamiento lógico, atención y memoria. Interpreta instrucciones con rapidez, mantiene concentración y comete muy pocos errores.
C23: ANALISIS X COMPETENCIA
C24: Área Evaluada | D24: Preguntas Asociadas | E24: Resultado | F24: %
C25: Razonamiento lógico | D25: 1, 2, 4, 6 | E25: =SUM(F7,F8,F10,F12) -> 3 | F25: =E25/10 -> 0.3
C26: Comprensión de instrucciones | D26: 3, 5 | E26: =SUM(F9,F11) -> 2 | F26: =E26/10 -> 0.2
C27: Atención / Observación | D27: 7, 9 | E27: =SUM(F13,F15) -> 1 | F27: =E27/10 -> 0.1
C28: Memoria / Cálculo | D28: 8, 10 | E28: =SUM(F14,F16) -> 2 | F28: =E28/10 -> 0.2

Sheet INFORME
B4: INFORME DE RESULTADOS
B5: TEST DE APTITUDES COGNITIVAS
B6: 1. Datos Generales
B7: Nombre del candidato: | C7: ='CUADERNILLO PREGUNTAS '!B4 -> Alexandra Arteaga
B8: Cargo al que postula: | C8: GUARDIA
B9: Fecha de evaluación: | C9: ='CUADERNILLO PREGUNTAS '!B5 -> 45901
B10: Evaluador: | C10: PS. ADRIANA MORENO
B12: 2. Resultados Cuantitativos
B13: Total de preguntas | C13: 10
B14: Respuestas correctas | C14: ='EVALUACION RESULTADOS '!F17 -> 8
B15: Puntaje (%) | C15: =C14/10 -> 0.8
B16: Nivel de desempeño | C16: APTO
B30: 3. Análisis por Competencia Cognitiva
B32: Área Evaluada | C32: Resultado
B33: Razonamiento lógico | C33: ='EVALUACION RESULTADOS '!F25 -> 0.3
B34: Comprensión de instrucciones | C34: ='EVALUACION RESULTADOS '!F26 -> 0.2
B35: Atención / Observación | C35: ='EVALUACION RESULTADOS '!F27 -> 0.1
B36: Memoria / Cálculo | C36: ='EVALUACION RESULTADOS '!F28 -> 0.2
B43: 4. Interpretación de Resultados
B45: =IF(C14>=8,"Muy Apto: El candidato demuestra nivel de razonamiento lógico, atención y memoria. Interpreta instrucciones con rapidez, mantiene concentración y comete muy pocos errores.",IF(C14>=5,"Apto: El candidato posee buenas aptitudes cognitivas, con capacidad para resolver problemas y seguir instrucciones, aunque puede requerir refuerzo en situaciones de alta presión.","No Apto: El candidato evidencia dificultades significativas en atención, comprensión y razonamiento lógico, lo que puede afectar su desempeño en funciones de seguridad.")) -> Muy Apto: El candidato demuestra nivel de razonamiento lógico, atención y memoria. Interpreta instrucciones con rapidez, mantiene concentración y comete muy pocos errores.
B48: 5. Conclusión
B50: El candidato presenta buenas habilidades cognitivas, comprendiendo instrucciones y resolviendo problemas de manera adecuada. Se considera APTO para desempeñar el rol de Guardia de Seguridad con un rendimiento esperado.”
